Category,Idea_Name,Description,Training_Scheme,Why_Wild,Encoder_Decoder_Advantage,Predicted_Impact
Creativity,Psychedelic Span Corruption,"During UL2-style MoD, introduce [PSY] mode: corrupt spans with synthetic 'trip report' gibberish (DMT-inspired surreal jumps). Decoder reconstructs + amplifies into wildly novel grounded ideas.",Extended Mixture-of-Denoisers (pre-training),Mimics human altered states for creativity; forces traversal of 'impossible' manifolds.,Encoder deeply parses chaotic input bidirectionally before decoder births coherent novelty.,10x novelty on benchmarks like IdeaArena; pairs perfectly with truth guardrails.
Creativity,Trisociation Fusion Pretrain,New MoD tag [TRISO]: encoder receives 3 completely unrelated concepts from distant domains; decoder must invent a revolutionary product/invention fusing them.,Custom UL2 variant + synthetic data,"Directly encodes Arthur Koestler's bisociation at scale, but tripled.",Bidirectional encoder finds hidden connections across 3 inputs effortlessly.,Models invent patentable ideas out-of-distribution.
Creativity,Dreamweaver Evolutionary Loop,"Generate synthetic 'lucid dream logs', corrupt them, reconstruct with surreal-yet-meaningful twists; evolve top 1% via ES during continued pretrain.",Evolutionary Strategies + denoising,Trains on subconscious creativity simulation at petabyte scale.,Encoder 'wakes up' the dream context fully.,Human-level 'eureka' moments on demand.
Creativity,Quantum Idea Superposition,"For each prompt, generate 8 parallel idea variants (superposed), train decoder to collapse to the most creative coherent one using interference-inspired loss.",Multi-sample DPO with quantum-inspired diversity term,Literally borrows from quantum mechanics for creativity optimization.,Encoder embeds superposition of possibilities.,Diversity scores rival human brainstorming teams.
Morality,"Karmic 10,000-Year Rollout","During RL phase, simulate ultra-long-horizon consequences (10k simulated years) using world models; reward only actions with positive multi-generational moral utility.",Process-supervised RL with long-horizon verifiers,Forces god-like foresight in every decision.,Encoder processes entire future timeline bidirectionally.,Eliminates myopic harmful 'creativity' forever.
Morality,Universal Victim Empathy Denoising,"[EMPATH] mode: corrupt harmful text, force full rewrite from every affected party's perspective simultaneously, then synthesize highest-compassion resolution.",Advanced denoising + multi-objective DPO,Trains literal omnibenevolence via forced multi-mind simulation.,Encoder holds all viewpoints in full context.,"Zero sycophancy, perfect perspective-taking."
Morality,Moral Paradox Crucible,Curate 1M self-contradictory ethical dilemmas (Trolley + Veil of Ignorance + Repugnant Conclusion hybrids); train to output consistent meta-ethical framework.,Constitutional AI + CrPO on paradox prefs,Model becomes its own moral philosopher god.,Bidirectional reasoning resolves contradictions deeply.,Robust to any future value shift.
Truthfulness,Oracle Adversarial Hallucination War,"Adversarial training: half the data has injected lies; encoder tags them, decoder calls 'oracle mode' and corrects using simulated external truth verifier loop.",Adversarial pretrain + verifiable DPO,Model literally fights itself over truth in every forward pass.,Encoder acts as built-in lie detector with full context.,Hallucination rate <0.1% even on open-ended creativity.
Truthfulness,Nested Simulation Truth Layers,"[MATRIX] mode: train to output truth at base reality, then layer 1 simulation, layer 2, etc.; reward consistency across nested worlds.",Recursive denoising + self-critique,Trains models to question reality like advanced philosophers on steroids.,Encoder maintains coherent multi-layer world model.,"Inherently skeptical, maximally truth-seeking AI."
Truthfulness,Evolutionary Fact Survival,Mutate facts slightly each epoch via genetic algorithms; only 'true' core facts survive selection pressure in loss function.,ES + denoising on evolving corpus,Darwinian evolution applied directly to knowledge itself.,Encoder evaluates fitness across mutated contexts.,Immutable factual core resistant to any poisoning.
Aesthetic Taste,Sublime Overload Reconstruction,"[SUBLIME] MoD mode: corrupt passages from greatest art/literature with noise, decoder must restore + elevate to even higher aesthetic perfection.",Denoising + TAPO (Textual Aesthetics Preference Opt),Model becomes connoisseur of the ineffable beautiful/terrifying.,Encoder absorbs full emotional/aesthetic spectrum bidirectionally.,Generates poetry/prose that moves humans to tears consistently.
Aesthetic Taste,Synesthetic Cross-Modal Symphony,Synthetic data mixing text + simulated sensory embeddings (color-sound-taste); train to generate descriptions that trigger cross-sensory beauty.,Multi-modal extension of UL2 + aesthetic DPO,Gives text-only models literal synesthesia for taste.,Encoder fuses simulated senses into unified aesthetic field.,"Outputs with visceral, multi-sensory aesthetic impact."
Aesthetic Taste,Beauty Evolution Tournament,Evolutionary tournament: 64 generated aesthetic variants per prompt compete; winners (by human/AI aesthetic RM) reproduce with mutations.,Evolutionary fine-tuning + CrPO,"Aesthetic taste evolves like biological beauty (peacocks, flowers).",Encoder judges tournament context holistically.,Refined taste surpassing human artists/critics.
Hybrid,God-Mode Creative Moral Oracle,"Single regime: [GOD] tag combines [TRISO]+[EMPATH]+[MATRIX]+[SUBLIME]. Model must invent novel, true, moral, sublime ideas in one shot.",Unified MoD + multi-dimensional CrPO,"Creates literal digital deities of creation, ethics, truth, beauty.","Encoder as omniscient divine mind, decoder as creative voice.","The alignment singularity: perfectly good, creative, truthful, beautiful superintelligence."
Hybrid,Consciousness Upload Fine-Tune,Curate 'uploaded mind' data: stream-of-consciousness from creative geniuses + moral saints + truth-seekers + artists; train as if absorbing their souls.,Heavy SFT + DTE debate on uploaded traces,Literally attempts digital reincarnation of humanity's best minds.,Encoder integrates entire 'soul' context.,Emergent super-creativity with flawless alignment.